Rk,Player,Pos,Age,Tm,G,GS,MP,FG,FGA,FG%,3P,3PA,3P%,2P,2PA,2P%,eFG%,FT,FTA,FT%,ORB,DRB,TRB,AST,STL,BLK,TOV,PF,PTS
1,Precious Achiuwa,C,23,TOR,55,12,20.7,3.6,7.3,0.485,0.5,2,0.269,3,5.4,0.564,0.521,1.6,2.3,0.702,1.8,4.1,6,0.9,0.6,0.5,1.1,1.9,9.2
2,Steven Adams,C,29,MEM,42,42,27,3.7,6.3,0.597,0,0,0,3.7,6.2,0.599,0.597,1.1,3.1,0.364,5.1,6.5,11.5,2.3,0.9,1.1,1.9,2.3,8.6
3,Bam Adebayo,C,25,MIA,75,75,34.6,8,14.9,0.54,0,0.2,0.083,8,14.7,0.545,0.541,4.3,5.4,0.806,2.5,6.7,9.2,3.2,1.2,0.8,2.5,2.8,20.4
8,Jarrett Allen,C,24,CLE,68,68,32.6,5.9,9.2,0.644,0,0.1,0.1,5.9,9.1,0.653,0.645,2.4,3.3,0.733,3.3,6.5,9.8,1.7,0.8,1.2,1.4,2.3,14.3
17,Deandre Ayton,C,24,PHO,67,67,30.4,7.8,13.2,0.589,0.1,0.4,0.292,7.7,12.9,0.597,0.592,2.3,3,0.76,2.6,7.4,10,1.7,0.6,0.8,1.8,2.8,18
18,Udoka Azubuike,C,23,UTA,36,4,10,1.6,2,0.819,0,0,0,1.6,2,0.819,0.819,0.2,0.6,0.35,0.9,2.4,3.3,0.3,0.2,0.4,0.5,0.9,3.5
19,Marvin Bagley III,C,23,DET,42,25,23.6,4.8,9.1,0.529,0.5,1.6,0.288,4.4,7.5,0.579,0.554,1.9,2.6,0.75,2.2,4.2,6.4,0.9,0.5,0.7,1.1,1.9,12
22,Mo Bamba,C,24,TOT,49,7,15.7,2.4,4.9,0.485,1,2.5,0.387,1.4,2.4,0.59,0.585,0.8,1.3,0.661,1.2,3.4,4.6,0.9,0.3,0.9,0.6,2.1,6.6
22,Mo Bamba,C,24,ORL,40,6,17,2.7,5.4,0.495,1.1,2.7,0.398,1.6,2.7,0.594,0.596,0.9,1.3,0.686,1.2,3.4,4.6,1.1,0.3,1,0.6,2.2,7.3
22,Mo Bamba,C,24,LAL,9,1,9.8,1.2,3,0.407,0.6,1.8,0.313,0.7,1.2,0.545,0.5,0.7,1.2,0.545,1.2,3.3,4.6,0.4,0.1,0.6,0.9,2.1,3.7
31,Charles Bassey,C,22,SAS,35,2,14.5,2.5,3.9,0.644,0.1,0.2,0.375,2.4,3.6,0.661,0.656,0.6,1.1,0.595,2.1,3.4,5.5,1.3,0.5,0.9,1.2,2.1,5.7
41,Khem Birch,C,30,TOR,20,0,8.1,1,1.6,0.594,0.1,0.1,0.5,0.9,1.5,0.6,0.609,0.2,0.3,0.8,0.4,0.9,1.3,0.4,0.3,0.3,0.4,1.2,2.2
42,Goga Bitadze,C,23,TOT,38,1,12,1.8,3.3,0.552,0.2,0.7,0.231,1.7,2.6,0.636,0.576,0.6,1.1,0.548,1.6,2,3.6,1,0.4,0.7,0.6,1.7,4.4
42,Goga Bitadze,C,23,IND,21,0,9.6,1.3,2.5,0.519,0.2,0.7,0.286,1.1,1.8,0.605,0.558,0.5,1.1,0.458,1.2,1.1,2.3,0.9,0.4,0.5,0.6,1.6,3.3
42,Goga Bitadze,C,23,ORL,17,1,15,2.5,4.3,0.575,0.1,0.7,0.167,2.4,3.6,0.656,0.589,0.7,1.1,0.667,2.1,3.1,5.2,1.2,0.4,0.9,0.6,1.8,5.8
43,Bismack Biyombo,C,30,PHO,61,14,14.3,2,3.4,0.578,0,0,0,2,3.4,0.578,0.578,0.4,1.1,0.357,1.5,2.8,4.3,0.9,0.3,1.4,0.8,1.9,4.3
54,Tony Bradley,C,25,CHI,12,0,2.8,0.5,1,0.5,0.3,0.4,0.6,0.3,0.6,0.429,0.625,0.3,0.3,1,0.1,0.8,0.9,0.1,0.1,0.1,0.1,0.2,1.6
66,Moses Brown,C,23,TOT,36,1,8.2,1.7,2.7,0.635,0,0,0,1.7,2.7,0.635,0.635,0.9,2,0.458,1.6,2.3,3.9,0.1,0.1,0.4,0.4,1.1,4.3
66,Moses Brown,C,23,LAC,34,1,8.5,1.8,2.8,0.635,0,0,0,1.8,2.8,0.635,0.635,1,2.1,0.458,1.7,2.4,4.1,0.1,0.1,0.4,0.4,1.1,4.6
66,Moses Brown,C,23,BRK,2,0,3,0,0,0,0,0,0,0,0,0,0,0,0,0,0,0,0,0,0.5,0,0.5,0.5,0
70,Thomas Bryant,C,25,TOT,59,26,18.3,3.9,6.3,0.623,0.4,1,0.441,3.5,5.3,0.658,0.659,1.6,2.1,0.738,1.5,4.3,5.7,0.5,0.3,0.5,0.6,1.7,9.8
70,Thomas Bryant,C,25,LAL,41,25,21.4,4.8,7.3,0.654,0.5,1.2,0.44,4.3,6.1,0.697,0.691,2,2.6,0.741,1.6,5.2,6.8,0.7,0.3,0.6,0.7,1.9,12.1
70,Thomas Bryant,C,25,DEN,18,1,11.4,1.8,3.8,0.485,0.2,0.5,0.444,1.6,3.3,0.492,0.515,0.7,1,0.722,1.1,2.3,3.3,0.1,0.1,0.4,0.6,1.4,4.6
76,John Butler,C,20,POR,19,1,11.6,0.9,2.8,0.321,0.4,1.8,0.229,0.5,0.9,0.5,0.396,0.2,0.2,0.75,0.2,0.7,0.9,0.6,0.4,0.5,0.1,1.2,2.4
81,Clint Capela,C,28,ATL,65,63,26.6,5.4,8.2,0.653,0,0,0,5.4,8.2,0.654,0.653,1.2,2,0.603,4,7.1,11,0.9,0.7,1.2,0.8,2.1,12
82,Vernon Carey Jr.,C,21,WAS,11,0,2.5,0.2,0.7,0.25,0,0,0,0.2,0.7,0.25,0.25,0.2,0.2,1,0.3,0.7,1,0.3,0.2,0.2,0.2,0.5,0.5
84,Wendell Carter Jr.,C,23,ORL,57,54,29.6,5.6,10.8,0.525,1.4,3.9,0.356,4.2,6.8,0.624,0.591,2.5,3.4,0.738,2.1,6.6,8.7,2.3,0.5,0.6,1.9,2.8,15.2
94,Nic Claxton,C,23,BRK,76,76,29.9,5.4,7.7,0.705,0,0,0,5.4,7.7,0.708,0.705,1.8,3.2,0.541,2.4,6.8,9.2,1.9,0.9,2.5,1.3,2.8,12.6
97,Zach Collins,C,25,SAS,63,26,22.9,4.5,8.7,0.518,0.9,2.3,0.374,3.6,6.4,0.571,0.568,1.7,2.3,0.761,1.8,4.5,6.4,2.9,0.6,0.8,2,3.2,11.6
98,Chance Comanche,C,26,POR,1,0,21,3,5,0.6,0,0,0,3,5,0.6,0.6,1,4,0.25,2,1,3,0,0,1,0,0,7
110,Anthony Davis,C,29,LAL,56,54,34,9.7,17.2,0.563,0.3,1.3,0.257,9.3,15.9,0.589,0.573,6.2,7.9,0.784,3.5,9.1,12.5,2.6,1.1,2,2.2,2.6,25.9
115,Dewayne Dedmon,C,33,TOT,38,1,11.2,2,4,0.51,0.3,1,0.308,1.7,2.9,0.58,0.55,0.9,1.3,0.673,0.9,2.6,3.5,0.7,0.2,0.5,0.7,2,5.2
115,Dewayne Dedmon,C,33,MIA,30,0,11.7,2.1,4.3,0.496,0.4,1.2,0.297,1.8,3.1,0.576,0.539,1.1,1.5,0.727,0.9,2.7,3.6,0.5,0.2,0.5,0.6,2,5.7
115,Dewayne Dedmon,C,33,PHI,8,1,9.5,1.6,2.8,0.591,0.1,0.3,0.5,1.5,2.5,0.6,0.614,0.1,0.6,0.2,0.8,2.4,3.1,1.3,0.3,0.6,0.8,1.8,3.5
121,Gorgui Dieng,C,33,SAS,31,1,11.5,1.5,3.8,0.385,0.7,2.4,0.28,0.8,1.4,0.571,0.474,0.3,0.4,0.769,0.9,2.6,3.5,1.7,0.1,0.5,1,1.8,3.9
133,Andre Drummond,C,29,CHI,67,0,12.7,2.5,4.1,0.606,0,0,0,2.5,4,0.613,0.606,1,1.9,0.536,2.1,4.6,6.6,0.5,0.7,0.4,1.1,1.7,6
138,Jalen Duren,C,19,DET,67,31,24.9,3.9,5.9,0.648,0,0,0,3.9,5.9,0.652,0.648,1.4,2.3,0.611,3.4,5.5,8.9,1.1,0.7,0.9,1.4,2.7,9.1
143,Joel Embiid,C,28,PHI,66,66,34.6,11,20.1,0.548,1,3,0.33,10,17.1,0.587,0.573,10,11.7,0.857,1.7,8.4,10.2,4.2,1,1.7,3.4,3.1,33.1
144,Drew Eubanks,C,25,POR,78,28,20.3,2.7,4.3,0.641,0.1,0.2,0.389,2.7,4.1,0.655,0.651,1.1,1.6,0.664,1.7,3.7,5.4,1.3,0.5,1.3,0.9,2.2,6.6
145,Bruno Fernando,C,24,TOT,39,4,10.4,1.5,2.9,0.527,0,0.1,0,1.5,2.8,0.546,0.527,0.9,1.3,0.7,1.4,2.1,3.5,0.8,0.2,0.9,0.6,1.9,3.9
145,Bruno Fernando,C,24,HOU,31,4,11.7,1.5,3,0.516,0,0,0,1.5,3,0.522,0.516,1,1.4,0.682,1.5,2.4,3.9,1,0.2,1,0.6,2.2,4.1
145,Bruno Fernando,C,24,ATL,8,0,5.1,1.4,2.4,0.579,0,0.4,0,1.4,2,0.688,0.579,0.6,0.8,0.833,0.8,1.1,1.9,0.1,0,0.4,0.6,0.8,3.4
156,Daniel Gafford,C,24,WAS,78,47,20.6,3.7,5.1,0.732,0,0,0,3.7,5.1,0.732,0.732,1.6,2.4,0.679,2.1,3.5,5.6,1.1,0.4,1.3,1.1,2.4,9
159,Luka Garza,C,24,MIN,28,0,8.7,2.3,4.1,0.543,0.5,1.4,0.359,1.8,2.8,0.636,0.603,1.5,1.9,0.788,1.2,1.1,2.3,0.6,0.1,0.1,0.5,1.5,6.5
162,Taj Gibson,C,37,WAS,49,2,9.8,1.3,2.6,0.52,0.2,0.5,0.333,1.2,2.1,0.564,0.552,0.6,0.9,0.714,0.7,1.2,1.9,0.7,0.3,0.2,0.5,1.7,3.4
167,Rudy Gobert,C,30,MIN,70,70,30.7,5.1,7.8,0.659,0,0,0,5.1,7.8,0.663,0.659,3.1,4.9,0.644,3.3,8.3,11.6,1.2,0.8,1.4,1.7,3,13.4
183,Blake Griffin,C,33,BOS,41,16,13.9,1.5,3.2,0.485,0.6,1.6,0.348,1,1.6,0.625,0.573,0.5,0.8,0.656,1.1,2.6,3.8,1.5,0.3,0.2,0.5,1.8,4.1
193,Montrezl Harrell,C,29,PHI,57,7,11.9,2.2,3.7,0.598,0,0.1,0,2.2,3.6,0.616,0.598,1.2,1.8,0.693,1.2,1.6,2.8,0.6,0.3,0.4,0.6,1.3,5.6
200,Isaiah Hartenstein,C,24,NYK,82,8,19.8,2.1,4,0.535,0.1,0.5,0.216,2,3.5,0.576,0.547,0.6,0.9,0.676,2.5,4,6.5,1.2,0.6,0.8,0.8,2.6,5
201,Udonis Haslem,C,42,MIA,7,1,10.1,1.4,4.1,0.345,0.4,1.3,0.333,1,2.9,0.35,0.397,0.6,0.7,0.8,0.6,1,1.6,0,0.1,0.3,0.1,1.6,3.9
203,Jaxson Hayes,C,22,NOP,47,2,13,1.8,3.3,0.551,0.1,0.6,0.103,1.8,2.7,0.654,0.561,1.2,1.8,0.699,0.8,2,2.8,0.7,0.4,0.4,0.7,1.4,5
207,Willy Hernangómez,C,28,NOP,38,2,12.1,2.3,4.4,0.527,0.1,0.3,0.273,2.3,4.2,0.544,0.536,2.1,2.7,0.779,1.5,3.2,4.7,0.9,0.4,0.3,1,1.7,6.9
216,Richaun Holmes,C,29,SAC,42,1,8.3,1.3,2.1,0.618,0.1,0.2,0.625,1.2,1.9,0.617,0.646,0.4,0.5,0.789,0.7,1.2,1.9,0.2,0.1,0.3,0.3,1.2,3.1
217,Al Horford,C,36,BOS,63,63,30.5,3.6,7.6,0.476,2.3,5.2,0.446,1.3,2.4,0.539,0.627,0.2,0.3,0.714,1.2,5,6.2,3,0.5,1,0.6,1.9,9.8
223,Jay Huff,C,24,WAS,7,0,13.6,2.1,3.6,0.6,0.9,1.7,0.5,1.3,1.9,0.692,0.72,2.1,2.3,0.938,0.9,2.1,3,1.4,0.4,0.6,0.7,2.1,7.3
226,Serge Ibaka,C,33,MIL,16,0,11.6,1.6,3.4,0.481,0.4,1.1,0.333,1.3,2.3,0.556,0.537,0.5,0.8,0.615,0.9,1.8,2.8,0.3,0.1,0.4,0.7,1.4,4.1
234,Isaiah Jackson,C,21,IND,63,12,16.5,2.8,5,0.563,0,0.2,0.143,2.8,4.8,0.582,0.566,1.5,2.3,0.651,1.8,2.7,4.5,0.8,0.5,1.5,0.8,2.4,7.2
235,Jaren Jackson Jr.,C,23,MEM,63,63,28.4,6.6,13,0.506,1.6,4.5,0.355,5,8.6,0.585,0.567,3.8,4.9,0.788,1.7,5,6.8,1,1,3,1.7,3.6,18.6
249,Nikola Jokic,C,27,DEN,69,69,33.7,9.4,14.8,0.632,0.8,2.2,0.383,8.5,12.7,0.675,0.66,4.9,6,0.822,2.4,9.4,11.8,9.8,1.3,0.7,3.6,2.5,24.5
251,Damian Jones,C,27,TOT,41,1,11.6,1.3,2.1,0.64,0.2,0.4,0.588,1.1,1.7,0.652,0.698,0.5,0.7,0.759,1,2,3,0.4,0.2,0.5,0.6,1.3,3.5
251,Damian Jones,C,27,LAL,22,1,8,0.9,1.7,0.541,0,0.1,0,0.9,1.5,0.588,0.541,0.7,0.9,0.75,0.8,1.7,2.5,0.2,0.1,0.5,0.4,0.8,2.5
251,Damian Jones,C,27,UTA,19,0,15.8,1.8,2.6,0.714,0.5,0.7,0.714,1.3,1.8,0.714,0.816,0.4,0.5,0.778,1.3,2.3,3.5,0.6,0.3,0.5,0.7,2,4.6
254,Kai Jones,C,22,CHO,46,0,12,1.5,2.6,0.558,0.1,0.4,0.211,1.4,2.2,0.624,0.575,0.4,0.6,0.731,0.8,1.9,2.7,0.3,0.4,0.7,0.7,1.4,3.4
257,DeAndre Jordan,C,34,DEN,39,8,15,2.3,2.9,0.765,0,0,1,2.2,2.9,0.763,0.77,0.6,1.2,0.458,1.3,3.8,5.2,0.9,0.3,0.6,1.2,1.8,5.1
262,Frank Kaminsky,C,29,TOT,36,0,6.5,0.9,1.8,0.492,0.4,0.9,0.394,0.5,0.8,0.6,0.595,0.4,0.4,0.875,0.2,1.3,1.4,0.9,0.2,0.1,0.3,0.6,2.5
262,Frank Kaminsky,C,29,ATL,26,0,6.8,1,1.7,0.568,0.4,0.9,0.478,0.5,0.8,0.667,0.693,0.4,0.5,0.833,0.1,1.3,1.4,0.8,0.2,0,0.3,0.8,2.7
262,Frank Kaminsky,C,29,HOU,10,0,5.9,0.6,1.9,0.316,0.2,1,0.2,0.4,0.9,0.444,0.368,0.4,0.4,1,0.4,1.2,1.6,1.1,0.1,0.3,0,0.1,1.8
265,Walker Kessler,C,21,UTA,74,40,23,4,5.6,0.72,0,0,0.333,4,5.6,0.723,0.721,1.1,2.1,0.516,3.1,5.3,8.4,0.9,0.4,2.3,0.8,2.3,9.2
269,Maxi Kleber,C,31,DAL,37,5,25.1,2.1,4.6,0.456,1.1,3,0.348,1,1.5,0.667,0.571,0.7,1,0.711,0.8,2.8,3.6,1.4,0.3,0.8,0.7,2.3,5.9
272,Christian Koloko,C,22,TOR,58,19,13.8,1.2,2.6,0.48,0,0.2,0.083,1.2,2.4,0.514,0.483,0.6,1,0.627,1.4,1.5,2.9,0.5,0.4,1,0.3,2.2,3.1
275,Luke Kornet,C,27,BOS,69,0,11.7,1.6,2.5,0.665,0,0.2,0.231,1.6,2.3,0.701,0.674,0.5,0.6,0.821,1.2,1.6,2.9,0.8,0.2,0.7,0.4,1.2,3.8
280,Jock Landale,C,27,PHO,69,4,14.2,2.6,4.9,0.528,0.3,1.2,0.25,2.3,3.7,0.621,0.559,1.1,1.5,0.752,1.7,2.3,4.1,1,0.2,0.4,0.9,1.8,6.6
287,Alex Len,C,29,SAC,26,2,6.2,0.6,1.2,0.533,0,0.1,0,0.6,1.1,0.571,0.533,0.4,0.6,0.688,0.9,1.4,2.3,0.5,0.2,0.4,0.6,1.1,1.7
289,Meyers Leonard,C,30,MIL,9,2,12.7,1.6,3.2,0.483,0.8,2,0.389,0.8,1.2,0.636,0.603,0.9,1,0.889,1.3,2.4,3.8,0.1,0.2,0,0.7,1.8,4.8
296,Kevon Looney,C,26,GSW,82,70,23.9,3,4.7,0.63,0,0,0,3,4.7,0.632,0.63,1.1,1.9,0.606,3.3,5.9,9.3,2.5,0.6,0.6,0.5,2.7,7
297,Brook Lopez,C,34,MIL,78,78,30.4,6.1,11.5,0.531,1.7,4.7,0.374,4.4,6.9,0.637,0.606,1.9,2.4,0.784,2,4.7,6.7,1.3,0.5,2.5,1.4,2.6,15.9
298,Robin Lopez,C,34,CLE,37,2,8.1,1.3,2,0.64,0.1,0.1,0.5,1.2,1.9,0.648,0.653,0.4,0.5,0.778,0.6,0.8,1.4,0.5,0.1,0.2,0.7,1.2,3
303,Sandro Mamukelashvili,C,23,TOT,43,7,15.3,2.3,5.3,0.422,0.7,2.3,0.303,1.6,3,0.511,0.487,0.9,1.3,0.684,1.6,2.7,4.3,1.4,0.3,0.3,0.8,1.2,6.1
303,Sandro Mamukelashvili,C,23,MIL,24,0,9,0.8,2.4,0.328,0.3,1.3,0.219,0.5,1.1,0.462,0.388,0.5,0.8,0.667,0.8,1.6,2.3,0.7,0.2,0.2,0.4,0.8,2.4
303,Sandro Mamukelashvili,C,23,SAS,19,7,23.3,4.1,9.1,0.453,1.2,3.5,0.343,2.9,5.5,0.524,0.52,1.4,2.1,0.692,2.7,4.1,6.8,2.4,0.5,0.4,1.4,1.7,10.8
306,Boban Marjanovi?,C,34,HOU,31,0,5.5,1.3,1.9,0.683,0,0,0,1.3,1.9,0.695,0.683,0.6,0.9,0.741,0.6,1.3,1.9,0.3,0.2,0.1,0.5,0.3,3.3
325,JaVale McGee,C,35,DAL,42,7,8.5,1.9,3,0.64,0,0.1,0.4,1.9,2.9,0.65,0.648,0.6,1,0.585,0.7,1.8,2.5,0.3,0.1,0.6,0.9,1.3,4.4
331,Chimezie Metu,C,25,SAC,66,0,10.4,2,3.3,0.589,0.1,0.6,0.237,1.8,2.7,0.663,0.61,0.8,1.1,0.74,0.7,2.3,3,0.6,0.3,0.3,0.5,1.2,4.9
354,Mike Muscala,C,31,TOT,63,9,15,2.1,4.6,0.449,1.3,3.3,0.391,0.8,1.3,0.588,0.587,0.6,0.8,0.769,0.6,2.6,3.2,0.8,0.2,0.4,0.4,1.6,6.1
354,Mike Muscala,C,31,OKC,43,5,14.5,2.1,4.7,0.438,1.3,3.3,0.394,0.8,1.4,0.541,0.576,0.7,0.9,0.795,0.5,2.6,3.1,0.9,0.3,0.4,0.3,1.6,6.2
354,Mike Muscala,C,31,BOS,20,4,16.2,2.1,4.5,0.472,1.3,3.3,0.385,0.9,1.2,0.708,0.612,0.5,0.7,0.692,0.7,2.7,3.4,0.6,0.2,0.3,0.5,1.4,5.9
363,Nerlens Noel,C,28,TOT,17,4,11.5,0.8,2.1,0.361,0.1,0.1,0.5,0.7,2,0.353,0.375,0.5,0.7,0.667,0.6,2.1,2.7,0.6,0.9,0.6,0.8,1.9,2.1
363,Nerlens Noel,C,28,DET,14,3,10.9,0.9,2.1,0.4,0.1,0.1,0.5,0.8,2,0.393,0.417,0.5,0.7,0.7,0.5,2.1,2.6,0.5,0.9,0.6,0.6,1.8,2.3
363,Nerlens Noel,C,28,BRK,3,1,14.3,0.3,2,0.167,0,0,0,0.3,2,0.167,0.167,0.3,0.7,0.5,1,2,3,1,1,0.3,1.7,2.3,1
367,Jusuf Nurki?,C,28,POR,52,52,26.8,5,9.7,0.519,0.8,2.3,0.361,4.2,7.4,0.567,0.561,2.4,3.7,0.661,2.2,6.9,9.1,2.9,0.8,0.8,2.3,3.6,13.3
372,Onyeka Okongwu,C,22,ATL,80,18,23.1,4,6.2,0.638,0.1,0.2,0.308,3.9,6.1,0.647,0.642,1.9,2.5,0.781,2.7,4.5,7.2,1,0.7,1.3,1,3.1,9.9
376,Kelly Olynyk,C,31,UTA,68,68,28.6,4.1,8.2,0.499,1.4,3.5,0.394,2.7,4.7,0.576,0.583,2.9,3.4,0.853,1.2,5,6.2,3.7,0.9,0.5,2.5,3.4,12.5
385,Mason Plumlee,C,32,TOT,79,60,26,4.2,6.1,0.68,0,0,0,4.2,6.1,0.68,0.68,2.5,4,0.636,2.9,6,8.9,3.1,0.6,0.6,1.5,2.7,10.8
385,Mason Plumlee,C,32,CHO,56,56,28.5,4.7,7.1,0.669,0,0,0,4.7,7.1,0.669,0.669,2.8,4.6,0.605,3.3,6.3,9.7,3.7,0.6,0.6,1.6,2.9,12.2
385,Mason Plumlee,C,32,LAC,23,4,19.9,2.8,3.8,0.727,0,0,0,2.8,3.8,0.727,0.727,1.9,2.5,0.772,1.8,5.1,6.9,1.7,0.5,0.5,1.3,2.4,7.5
386,Jakob Poeltl,C,27,TOT,72,71,26.5,5.4,8.6,0.629,0,0,0,5.4,8.6,0.63,0.629,1.7,2.8,0.592,3.3,5.8,9.1,2.7,0.9,1.2,1.7,2.7,12.5
386,Jakob Poeltl,C,27,SAS,46,46,26.1,5.2,8.4,0.616,0,0,0,5.2,8.4,0.618,0.616,1.7,2.8,0.605,3.3,5.7,9,3.1,0.8,1.1,2.1,2.6,12.1
386,Jakob Poeltl,C,27,TOR,26,25,27.2,5.8,8.8,0.652,0,0,0,5.8,8.8,0.652,0.652,1.6,2.8,0.569,3.2,5.9,9.1,2.2,1.2,1.3,1.1,3,13.1
393,Kristaps Porzi??is,C,27,WAS,65,65,32.6,7.8,15.7,0.498,2.1,5.5,0.385,5.7,10.2,0.559,0.565,5.4,6.4,0.851,1.8,6.6,8.4,2.7,0.9,1.5,2.1,3,23.2
395,Dwight Powell,C,31,DAL,76,64,19.2,2.6,3.5,0.732,0,0.1,0,2.6,3.5,0.746,0.732,1.5,2.2,0.667,2,2.2,4.1,0.9,0.6,0.3,0.9,2.8,6.7
402,Neemias Queta,C,23,SAC,5,0,5.8,1.2,1.8,0.667,0,0,0,1.2,1.8,0.667,0.667,0,0.4,0,1,1.2,2.2,0.2,0,0.4,0.2,1.4,2.4
409,Paul Reed,C,23,PHI,69,2,10.9,1.8,3,0.593,0,0.1,0.167,1.8,2.9,0.606,0.596,0.6,0.7,0.745,1.6,2.2,3.8,0.4,0.7,0.7,0.7,1.8,4.2
410,Naz Reid,C,23,MIN,68,11,18.4,4.6,8.5,0.537,1.1,3.2,0.346,3.5,5.3,0.653,0.602,1.3,1.9,0.677,1.1,3.8,4.9,1.1,0.6,0.8,1.4,2.6,11.5
412,Nick Richards,C,25,CHO,65,9,18.7,3,4.8,0.629,0,0,1,3,4.8,0.628,0.631,2.1,2.8,0.749,2.3,4.1,6.4,0.6,0.2,1.1,0.9,2.4,8.2
416,Mitchell Robinson,C,24,NYK,59,58,27,3.2,4.7,0.671,0,0,0,3.2,4.7,0.671,0.671,1,2.1,0.484,4.5,4.9,9.4,0.9,0.9,1.8,0.7,2.7,7.4
417,Orlando Robinson,C,22,MIA,31,1,13.7,1.5,2.9,0.528,0,0.2,0,1.5,2.7,0.566,0.528,0.7,1,0.71,1.5,2.5,4.1,0.8,0.4,0.4,0.5,1.7,3.7
428,Domantas Sabonis,C,26,SAC,79,79,34.6,7.3,11.9,0.615,0.4,1.1,0.373,6.9,10.8,0.639,0.632,4.1,5.5,0.742,3.2,9.1,12.3,7.3,0.8,0.5,2.9,3.5,19.1
431,Olivier Sarr,C,23,OKC,9,1,12.7,1.7,3.3,0.5,0.1,0.9,0.125,1.6,2.4,0.636,0.517,0.6,0.8,0.714,1.3,2.1,3.4,0.4,0.1,0.6,0.4,1.9,4
437,Alperen Þengün,C,20,HOU,75,72,28.9,5.9,10.7,0.553,0.3,0.8,0.333,5.6,9.9,0.57,0.565,2.7,3.8,0.715,3.2,5.8,9,3.9,0.9,0.9,2.6,3.4,14.8
440,Day'Ron Sharpe,C,21,BRK,48,3,11.5,1.9,3.6,0.544,0.1,0.2,0.545,1.8,3.3,0.544,0.561,0.7,1.1,0.636,2.1,2.1,4.2,0.8,0.3,0.7,0.9,1.9,4.7
442,Pascal Siakam,C,28,TOR,71,71,37.4,8.9,18.5,0.48,1.3,4,0.324,7.6,14.5,0.523,0.515,5.2,6.7,0.774,1.8,6,7.8,5.8,0.9,0.5,2.4,3.2,24.2
446,Marko Simonovic,C,23,CHI,7,0,2.9,0.3,1,0.286,0.1,0.6,0.25,0.1,0.4,0.333,0.357,0.1,0.3,0.5,0.1,0.1,0.3,0,0,0,0,0.7,0.9
448,Jericho Sims,C,24,NYK,52,16,15.6,1.6,2.1,0.776,0,0,0,1.6,2,0.783,0.776,0.2,0.3,0.75,1.9,2.8,4.7,0.5,0.3,0.5,0.5,1.8,3.4
459,Isaiah Stewart,C,21,DET,50,47,28.3,3.9,8.8,0.442,1.3,4.1,0.327,2.6,4.7,0.542,0.518,2.2,3,0.738,2.3,5.8,8.1,1.4,0.4,0.7,1.4,2.7,11.3
469,Daniel Theis,C,30,IND,7,1,15.6,3,6.3,0.477,0.3,1.6,0.182,2.7,4.7,0.576,0.5,0.7,1.7,0.417,1,2.1,3.1,1.3,0.3,0.9,0.4,1,7
481,Myles Turner,C,26,IND,62,62,29.4,6.5,11.8,0.548,1.5,4,0.373,5,7.8,0.638,0.612,3.5,4.5,0.783,1.4,6.1,7.5,1.4,0.6,2.3,1.7,3.5,18
483,Jonas Valan?i?nas,C,30,NOP,79,79,24.9,5.6,10.3,0.547,0.5,1.4,0.349,5.2,8.9,0.577,0.57,2.3,2.8,0.826,2.8,7.3,10.2,1.8,0.3,0.7,2,3.1,14.1
488,Noah Vonleh,C,27,BOS,23,1,7.4,0.5,1,0.458,0,0.2,0.25,0.4,0.9,0.5,0.479,0.1,0.1,1,0.8,1.3,2.1,0.3,0.1,0.3,0.5,1.5,1.1
489,Nikola Vu?evi?,C,32,CHI,82,82,33.5,7.3,14,0.52,1.5,4.2,0.349,5.8,9.8,0.594,0.573,1.6,1.9,0.835,1.9,9.1,11,3.2,0.7,0.7,1.7,2.2,17.6
492,Moritz Wagner,C,25,ORL,57,18,19.5,3.5,6.9,0.5,0.9,2.9,0.313,2.6,4.1,0.631,0.564,2.7,3.2,0.841,1.2,3.3,4.5,1.5,0.6,0.2,1.2,2.4,10.5
522,Mark Williams,C,21,CHO,43,17,19.3,3.7,5.8,0.637,0,0,0,3.7,5.8,0.637,0.637,1.6,2.3,0.691,2.2,4.9,7.1,0.4,0.7,1,0.9,2.2,9
524,Robert Williams,C,25,BOS,35,20,23.5,3.6,4.9,0.747,0,0,0,3.6,4.8,0.751,0.747,0.7,1.2,0.61,3,5.4,8.3,1.4,0.6,1.4,1,1.9,8
530,James Wiseman,C,21,TOT,45,22,19.3,4.2,7.5,0.558,0.1,0.4,0.2,4.1,7.1,0.58,0.563,1.5,2.2,0.701,1.6,4.3,5.9,0.7,0.2,0.6,1.1,2.4,10
530,James Wiseman,C,21,GSW,21,0,12.5,2.8,4.5,0.628,0,0.1,0.5,2.8,4.4,0.63,0.633,1.2,1.8,0.684,0.9,2.6,3.5,0.7,0.1,0.3,0.7,1.9,6.9
530,James Wiseman,C,21,DET,24,22,25.2,5.4,10.2,0.531,0.1,0.8,0.167,5.3,9.5,0.559,0.537,1.8,2.5,0.712,2.3,5.8,8.1,0.7,0.2,0.8,1.5,2.9,12.7
531,Christian Wood,C,27,DAL,67,17,25.9,5.9,11.5,0.515,1.6,4.2,0.376,4.3,7.3,0.594,0.583,3.2,4.2,0.772,1.3,6,7.3,1.8,0.4,1.1,1.8,2.5,16.6
537,Omer Yurtseven,C,24,MIA,9,0,9.2,1.8,3,0.593,0.3,0.8,0.429,1.4,2.2,0.65,0.648,0.6,0.7,0.833,0.9,1.7,2.6,0.2,0.2,0.2,0.4,1.8,4.4
538,Cody Zeller,C,30,MIA,15,2,14.5,2.5,3.9,0.627,0,0.1,0,2.5,3.8,0.649,0.627,1.6,2.3,0.686,1.7,2.6,4.3,0.7,0.2,0.3,0.9,2.2,6.5
539,Ivica Zubac,C,25,LAC,76,76,28.6,4.3,6.8,0.634,0,0,0,4.3,6.7,0.637,0.634,2.2,3.1,0.697,3.1,6.8,9.9,1,0.4,1.3,1.5,2.9,10.8